Date,Strategy,Turnover,Transaction Cost
2017-11-27,Equal Weight,1.0,0.0005
2017-11-27,Maximum Diversification,1.0000000000000002,0.0005000000000000001
2017-11-27,Maximum Sharpe,1.0,0.0005
2017-11-27,Minimum Volatility,1.0,0.0005
2017-11-27,Risk Parity,0.9999999999999999,0.0004999999999999999
2017-12-01,Equal Weight,0.0,0.0
2017-12-01,Maximum Diversification,0.008624717786172006,4.312358893086003e-06
2017-12-01,Maximum Sharpe,0.08087048706622332,4.043524353311166e-05
2017-12-01,Minimum Volatility,0.006956406698536215,3.4782033492681077e-06
2017-12-01,Risk Parity,0.002792680782757115,1.3963403913785574e-06
2018-01-01,Equal Weight,0.0,0.0
2018-01-01,Maximum Diversification,0.020491993775741405,1.0245996887870703e-05
2018-01-01,Maximum Sharpe,0.1413709643689022,7.06854821844511e-05
2018-01-01,Minimum Volatility,0.01649421385208807,8.247106926044036e-06
2018-01-01,Risk Parity,0.0023639608258326783,1.1819804129163393e-06
2018-02-01,Equal Weight,0.0,0.0
2018-02-01,Maximum Diversification,0.024330281922954566,1.2165140961477282e-05
2018-02-01,Maximum Sharpe,0.05750857269593327,2.8754286347966636e-05
2018-02-01,Minimum Volatility,0.018115140095215625,9.057570047607813e-06
2018-02-01,Risk Parity,0.005712311142042015,2.8561555710210074e-06
2018-03-01,Equal Weight,0.0,0.0
2018-03-01,Maximum Diversification,0.02878407292591665,1.4392036462958325e-05
2018-03-01,Maximum Sharpe,0.018009049998650363,9.004524999325182e-06
2018-03-01,Minimum Volatility,0.028830913071851216,1.4415456535925609e-05
2018-03-01,Risk Parity,0.004776675309478964,2.3883376547394823e-06
2018-04-02,Equal Weight,0.0,0.0
2018-04-02,Maximum Diversification,0.01977054108620594,9.88527054310297e-06
2018-04-02,Maximum Sharpe,0.011566109609318698,5.783054804659349e-06
2018-04-02,Minimum Volatility,0.017987085194804443,8.993542597402222e-06
2018-04-02,Risk Parity,0.005217014576928913,2.608507288464457e-06
2018-05-01,Equal Weight,0.0,0.0
2018-05-01,Maximum Diversification,0.02272785657702009,1.1363928288510045e-05
2018-05-01,Maximum Sharpe,0.011566109609339348,5.783054804669674e-06
2018-05-01,Minimum Volatility,0.013631522149552662,6.815761074776331e-06
2018-05-01,Risk Parity,0.009294886326201887,4.647443163100944e-06
2018-06-01,Equal Weight,0.0,0.0
2018-06-01,Maximum Diversification,0.020159543227385092,1.0079771613692547e-05
2018-06-01,Maximum Sharpe,4.39648317751562e-14,2.19824158875781e-17
2018-06-01,Minimum Volatility,0.022351330377824326,1.1175665188912164e-05
2018-06-01,Risk Parity,0.0077257733401269735,3.862886670063487e-06
2018-07-02,Equal Weight,0.0,0.0
2018-07-02,Maximum Diversification,0.02453482168875743,1.2267410844378716e-05
2018-07-02,Maximum Sharpe,4.5574655160862676e-14,2.278732758043134e-17
2018-07-02,Minimum Volatility,0.022962603038755146,1.1481301519377573e-05
2018-07-02,Risk Parity,0.004162991158552343,2.0814955792761713e-06
2018-08-01,Equal Weight,0.0,0.0
2018-08-01,Maximum Diversification,0.019012973523600957,9.506486761800478e-06
2018-08-01,Maximum Sharpe,0.007763921344677294,3.881960672338647e-06
2018-08-01,Minimum Volatility,0.023752559310219426,1.1876279655109712e-05
2018-08-01,Risk Parity,0.010036707750769147,5.018353875384574e-06
2018-09-03,Equal Weight,0.0,0.0
2018-09-03,Maximum Diversification,0.013536451593224037,6.768225796612018e-06
2018-09-03,Maximum Sharpe,0.1204793472315206,6.0239673615760296e-05
2018-09-03,Minimum Volatility,0.010376374425901846,5.188187212950923e-06
2018-09-03,Risk Parity,0.005992403301944685,2.9962016509723426e-06
2018-10-01,Equal Weight,0.0,0.0
2018-10-01,Maximum Diversification,0.019895982586686272,9.947991293343136e-06
2018-10-01,Maximum Sharpe,0.0435816274298821,2.179081371494105e-05
2018-10-01,Minimum Volatility,0.02099934360784284,1.049967180392142e-05
2018-10-01,Risk Parity,0.006224708369199708,3.112354184599854e-06
2018-11-01,Equal Weight,0.0,0.0
2018-11-01,Maximum Diversification,0.027423717638946278,1.371185881947314e-05
2018-11-01,Maximum Sharpe,0.3679985740408499,0.00018399928702042496
2018-11-01,Minimum Volatility,0.02325779315077287,1.1628896575386434e-05
2018-11-01,Risk Parity,0.0058443599023794285,2.922179951189714e-06
2018-12-03,Equal Weight,0.0,0.0
2018-12-03,Maximum Diversification,0.009811594711089552,4.9057973555447755e-06
2018-12-03,Maximum Sharpe,0.25731031835588114,0.00012865515917794058
2018-12-03,Minimum Volatility,0.020377670445787106,1.0188835222893553e-05
2018-12-03,Risk Parity,0.010061639748008111,5.030819874004056e-06
2019-01-01,Equal Weight,0.0,0.0
2019-01-01,Maximum Diversification,0.02510165212757133,1.2550826063785665e-05
2019-01-01,Maximum Sharpe,0.30217954175475303,0.00015108977087737653
2019-01-01,Minimum Volatility,0.0383620880846692,1.91810440423346e-05
2019-01-01,Risk Parity,0.006286629445801051,3.1433147229005255e-06
2019-02-01,Equal Weight,0.0,0.0
2019-02-01,Maximum Diversification,0.019106557365344095,9.553278682672047e-06
2019-02-01,Maximum Sharpe,0.03496363298281144,1.748181649140572e-05
2019-02-01,Minimum Volatility,0.02839929617139307,1.4199648085696536e-05
2019-02-01,Risk Parity,0.011882541817654954,5.941270908827477e-06
2019-03-01,Equal Weight,0.0,0.0
2019-03-01,Maximum Diversification,0.02365749444098699,1.1828747220493495e-05
2019-03-01,Maximum Sharpe,0.07776344525142473,3.888172262571236e-05
2019-03-01,Minimum Volatility,0.023546236321946072,1.1773118160973037e-05
2019-03-01,Risk Parity,0.005584762096951731,2.7923810484758657e-06
2019-04-01,Equal Weight,0.0,0.0
2019-04-01,Maximum Diversification,0.015830291357733704,7.915145678866852e-06
2019-04-01,Maximum Sharpe,0.03892539628582974,1.9462698142914872e-05
2019-04-01,Minimum Volatility,0.016107555100601557,8.05377755030078e-06
2019-04-01,Risk Parity,0.004473123677942378,2.236561838971189e-06
2019-05-01,Equal Weight,0.0,0.0
2019-05-01,Maximum Diversification,0.041116174330020835,2.0558087165010417e-05
2019-05-01,Maximum Sharpe,0.09953548907233456,4.976774453616728e-05
2019-05-01,Minimum Volatility,0.03300792452597482,1.6503962262987412e-05
2019-05-01,Risk Parity,0.006546289165223207,3.2731445826116037e-06
2019-06-03,Equal Weight,0.0,0.0
2019-06-03,Maximum Diversification,0.02644296543924394,1.322148271962197e-05
2019-06-03,Maximum Sharpe,0.1325576125710936,6.627880628554681e-05
2019-06-03,Minimum Volatility,0.01477307179269567,7.386535896347835e-06
2019-06-03,Risk Parity,0.0027928438554614687,1.3964219277307344e-06
2019-07-01,Equal Weight,0.0,0.0
2019-07-01,Maximum Diversification,0.022318659599148305,1.1159329799574153e-05
2019-07-01,Maximum Sharpe,0.06200108381952553,3.1000541909762765e-05
2019-07-01,Minimum Volatility,0.016118149998869152,8.059074999434577e-06
2019-07-01,Risk Parity,0.0077795277128251406,3.88976385641257e-06
2019-08-01,Equal Weight,0.0,0.0
2019-08-01,Maximum Diversification,0.02634946563464953,1.3174732817324764e-05
2019-08-01,Maximum Sharpe,0.012274826212381192,6.137413106190596e-06
2019-08-01,Minimum Volatility,0.02408418516380395,1.2042092581901976e-05
2019-08-01,Risk Parity,0.005122172959430904,2.561086479715452e-06
2019-09-02,Equal Weight,0.0,0.0
2019-09-02,Maximum Diversification,0.040517775362911394,2.0258887681455697e-05
2019-09-02,Maximum Sharpe,0.004378555937398471,2.1892779686992355e-06
2019-09-02,Minimum Volatility,0.044990960572842936,2.2495480286421467e-05
2019-09-02,Risk Parity,0.013312989466969169,6.656494733484585e-06
2019-10-01,Equal Weight,0.0,0.0
2019-10-01,Maximum Diversification,0.02397363400070365,1.1986817000351825e-05
2019-10-01,Maximum Sharpe,0.07909827616803683,3.954913808401842e-05
2019-10-01,Minimum Volatility,0.014168047025403085,7.084023512701543e-06
2019-10-01,Risk Parity,0.007683107811741072,3.841553905870536e-06
2019-11-01,Equal Weight,0.0,0.0
2019-11-01,Maximum Diversification,0.01514566923461479,7.572834617307395e-06
2019-11-01,Maximum Sharpe,0.0034194847259216288,1.7097423629608145e-06
2019-11-01,Minimum Volatility,0.007256772440378527,3.6283862201892634e-06
2019-11-01,Risk Parity,0.007219985829812481,3.6099929149062406e-06
2019-12-02,Equal Weight,0.0,0.0
2019-12-02,Maximum Diversification,0.02915548236129477,1.4577741180647384e-05
2019-12-02,Maximum Sharpe,0.021694090242876912,1.0847045121438456e-05
2019-12-02,Minimum Volatility,0.026507285268527817,1.3253642634263908e-05
2019-12-02,Risk Parity,0.004919670752519978,2.459835376259989e-06
2020-01-01,Equal Weight,0.0,0.0
2020-01-01,Maximum Diversification,0.018317386012198275,9.158693006099137e-06
2020-01-01,Maximum Sharpe,0.0069991042978699985,3.4995521489349994e-06
2020-01-01,Minimum Volatility,0.007032751440099828,3.5163757200499143e-06
2020-01-01,Risk Parity,0.0017101777909233756,8.550888954616878e-07
2020-02-03,Equal Weight,0.0,0.0
2020-02-03,Maximum Diversification,0.023241656159123783,1.1620828079561892e-05
2020-02-03,Maximum Sharpe,0.028054834111079355,1.4027417055539678e-05
2020-02-03,Minimum Volatility,0.025735793612175633,1.2867896806087817e-05
2020-02-03,Risk Parity,0.008834870453233334,4.417435226616667e-06
2020-03-02,Equal Weight,0.0,0.0
2020-03-02,Maximum Diversification,0.02648936753868155,1.3244683769340775e-05
2020-03-02,Maximum Sharpe,0.05197116339434847,2.5985581697174237e-05
2020-03-02,Minimum Volatility,0.01448393986771147,7.241969933855735e-06
2020-03-02,Risk Parity,0.009437182604308855,4.718591302154428e-06
2020-04-01,Equal Weight,0.0,0.0
2020-04-01,Maximum Diversification,0.02373277116792582,1.1866385583962909e-05
2020-04-01,Maximum Sharpe,0.05389631909907547,2.6948159549537736e-05
2020-04-01,Minimum Volatility,0.028534066837326642,1.4267033418663321e-05
2020-04-01,Risk Parity,0.00560689139479606,2.80344569739803e-06
2020-05-01,Equal Weight,0.0,0.0
2020-05-01,Maximum Diversification,0.01856867792289591,9.284338961447956e-06
2020-05-01,Maximum Sharpe,0.061995542818253466,3.0997771409126736e-05
2020-05-01,Minimum Volatility,0.013147837243605628,6.573918621802814e-06
2020-05-01,Risk Parity,0.004355497197625041,2.177748598812521e-06
2020-06-01,Equal Weight,0.0,0.0
2020-06-01,Maximum Diversification,0.00793096037783017,3.965480188915085e-06
2020-06-01,Maximum Sharpe,0.011020671465830897,5.510335732915449e-06
2020-06-01,Minimum Volatility,0.010790884263001599,5.3954421315007994e-06
2020-06-01,Risk Parity,0.0038070486962853284,1.9035243481426642e-06
2020-07-01,Equal Weight,0.0,0.0
2020-07-01,Maximum Diversification,0.018340820180108908,9.170410090054454e-06
2020-07-01,Maximum Sharpe,0.04231011662383925,2.1155058311919627e-05
2020-07-01,Minimum Volatility,0.017137757686163296,8.568878843081649e-06
2020-07-01,Risk Parity,0.003049957684031948,1.5249788420159741e-06
2020-08-03,Equal Weight,0.0,0.0
2020-08-03,Maximum Diversification,0.035619132906377735,1.7809566453188868e-05
2020-08-03,Maximum Sharpe,0.01460096965073427,7.3004848253671356e-06
2020-08-03,Minimum Volatility,0.023977082885097416,1.1988541442548709e-05
2020-08-03,Risk Parity,0.008290312248526166,4.145156124263083e-06
2020-09-01,Equal Weight,0.0,0.0
2020-09-01,Maximum Diversification,0.026807105719883137,1.3403552859941569e-05
2020-09-01,Maximum Sharpe,0.09536882281252701,4.768441140626351e-05
2020-09-01,Minimum Volatility,0.02320850000342433,1.1604250001712165e-05
2020-09-01,Risk Parity,0.006209511716956287,3.1047558584781434e-06
2020-10-01,Equal Weight,0.0,0.0
2020-10-01,Maximum Diversification,0.019376822138652376,9.688411069326188e-06
2020-10-01,Maximum Sharpe,0.013469499391490142,6.734749695745071e-06
2020-10-01,Minimum Volatility,0.007827121549797034,3.913560774898517e-06
2020-10-01,Risk Parity,0.0054530443759255864,2.7265221879627933e-06
2020-11-02,Equal Weight,0.0,0.0
2020-11-02,Maximum Diversification,0.02219780518558776,1.109890259279388e-05
2020-11-02,Maximum Sharpe,0.019440066155339608,9.720033077669805e-06
2020-11-02,Minimum Volatility,0.021777261171294564,1.0888630585647282e-05
2020-11-02,Risk Parity,0.007452388610288893,3.7261943051444466e-06
2020-12-01,Equal Weight,0.0,0.0
2020-12-01,Maximum Diversification,0.02065866383677352,1.032933191838676e-05
2020-12-01,Maximum Sharpe,0.028316922216368452,1.4158461108184227e-05
2020-12-01,Minimum Volatility,0.010723525724229462,5.361762862114731e-06
2020-12-01,Risk Parity,0.0042654290688825675,2.1327145344412838e-06
2021-01-01,Equal Weight,0.0,0.0
2021-01-01,Maximum Diversification,0.016294933792578774,8.147466896289387e-06
2021-01-01,Maximum Sharpe,0.017790840702407305,8.895420351203652e-06
2021-01-01,Minimum Volatility,0.020255119112227292,1.0127559556113646e-05
2021-01-01,Risk Parity,0.008229527311797019,4.11476365589851e-06
2021-02-01,Equal Weight,0.0,0.0
2021-02-01,Maximum Diversification,0.025284695838192456,1.2642347919096228e-05
2021-02-01,Maximum Sharpe,0.06680545221039233,3.340272610519617e-05
2021-02-01,Minimum Volatility,0.022728238165360338,1.1364119082680169e-05
2021-02-01,Risk Parity,0.002676105228641021,1.3380526143205105e-06
2021-03-01,Equal Weight,0.0,0.0
2021-03-01,Maximum Diversification,0.030666307092234474,1.5333153546117238e-05
2021-03-01,Maximum Sharpe,0.010773784268970077,5.386892134485039e-06
2021-03-01,Minimum Volatility,0.02399521031075562,1.199760515537781e-05
2021-03-01,Risk Parity,0.011321311589869057,5.660655794934528e-06
2021-04-01,Equal Weight,0.0,0.0
2021-04-01,Maximum Diversification,0.02595919897845394,1.297959948922697e-05
2021-04-01,Maximum Sharpe,0.010239689018710932,5.119844509355466e-06
2021-04-01,Minimum Volatility,0.026624986545562924,1.3312493272781463e-05
2021-04-01,Risk Parity,0.015429085499272951,7.714542749636476e-06
2021-05-03,Equal Weight,0.0,0.0
2021-05-03,Maximum Diversification,0.027734319841163445,1.3867159920581722e-05
2021-05-03,Maximum Sharpe,0.01993593026731004,9.96796513365502e-06
2021-05-03,Minimum Volatility,0.027384559611442358,1.3692279805721179e-05
2021-05-03,Risk Parity,0.007221375257453172,3.610687628726586e-06
2021-06-01,Equal Weight,0.0,0.0
2021-06-01,Maximum Diversification,0.02132319173576678,1.066159586788339e-05
2021-06-01,Maximum Sharpe,0.06361097259016277,3.1805486295081384e-05
2021-06-01,Minimum Volatility,0.015643043625552144,7.821521812776072e-06
2021-06-01,Risk Parity,0.0028037921492233137,1.401896074611657e-06
2021-07-01,Equal Weight,0.0,0.0
2021-07-01,Maximum Diversification,0.018476344449672586,9.238172224836293e-06
2021-07-01,Maximum Sharpe,0.13435335074784313,6.717667537392156e-05
2021-07-01,Minimum Volatility,0.010639887163318852,5.319943581659426e-06
2021-07-01,Risk Parity,0.007796834180721898,3.898417090360949e-06
2021-08-02,Equal Weight,0.0,0.0
2021-08-02,Maximum Diversification,0.013221129058694197,6.610564529347098e-06
2021-08-02,Maximum Sharpe,0.06460212023116305,3.230106011558152e-05
2021-08-02,Minimum Volatility,0.014193305674483587,7.096652837241793e-06
2021-08-02,Risk Parity,0.004251773010070209,2.1258865050351043e-06
2021-09-01,Equal Weight,0.0,0.0
2021-09-01,Maximum Diversification,0.016610390644406583,8.30519532220329e-06
2021-09-01,Maximum Sharpe,0.23040195709940253,0.00011520097854970127
2021-09-01,Minimum Volatility,0.018743696200147066,9.371848100073533e-06
2021-09-01,Risk Parity,0.006034135774737298,3.017067887368649e-06
2021-10-01,Equal Weight,0.0,0.0
2021-10-01,Maximum Diversification,0.016736495620691495,8.368247810345747e-06
2021-10-01,Maximum Sharpe,0.1889947431693301,9.449737158466506e-05
2021-10-01,Minimum Volatility,0.015840203375134268,7.920101687567135e-06
2021-10-01,Risk Parity,0.009037671186065077,4.5188355930325384e-06
2021-11-01,Equal Weight,0.0,0.0
2021-11-01,Maximum Diversification,0.017620324586190148,8.810162293095074e-06
2021-11-01,Maximum Sharpe,0.31994932116365277,0.0001599746605818264
2021-11-01,Minimum Volatility,0.012119193823511738,6.059596911755869e-06
2021-11-01,Risk Parity,0.0019178296717805576,9.589148358902788e-07
2021-12-01,Equal Weight,0.0,0.0
2021-12-01,Maximum Diversification,0.01984152719241674,9.92076359620837e-06
2021-12-01,Maximum Sharpe,0.350973863602287,0.0001754869318011435
2021-12-01,Minimum Volatility,0.021612411596786833,1.0806205798393417e-05
2021-12-01,Risk Parity,0.00506902971320132,2.53451485660066e-06
2022-01-03,Equal Weight,0.0,0.0
2022-01-03,Maximum Diversification,0.023571602181844162,1.1785801090922081e-05
2022-01-03,Maximum Sharpe,0.4860888106456426,0.0002430444053228213
2022-01-03,Minimum Volatility,0.02578451771366376,1.289225885683188e-05
2022-01-03,Risk Parity,0.006285088608951606,3.1425443044758027e-06
2022-02-01,Equal Weight,0.0,0.0
2022-02-01,Maximum Diversification,0.011262890806500243,5.631445403250122e-06
2022-02-01,Maximum Sharpe,0.23026396259085524,0.00011513198129542763
2022-02-01,Minimum Volatility,0.00780737861560955,3.903689307804775e-06
2022-02-01,Risk Parity,0.00968115406724862,4.840577033624311e-06
2022-03-01,Equal Weight,0.0,0.0
2022-03-01,Maximum Diversification,0.023557364442885073,1.1778682221442538e-05
2022-03-01,Maximum Sharpe,0.3596102011776207,0.00017980510058881037
2022-03-01,Minimum Volatility,0.013532770045049144,6.766385022524573e-06
2022-03-01,Risk Parity,0.006234052252247282,3.1170261261236415e-06
2022-04-01,Equal Weight,0.0,0.0
2022-04-01,Maximum Diversification,0.02688429125360464,1.344214562680232e-05
2022-04-01,Maximum Sharpe,0.5105417670090804,0.0002552708835045402
2022-04-01,Minimum Volatility,0.020041128580048174,1.0020564290024088e-05
2022-04-01,Risk Parity,0.01676583858427387,8.382919292136935e-06
2022-05-02,Equal Weight,0.0,0.0
2022-05-02,Maximum Diversification,0.017522648273049196,8.761324136524599e-06
2022-05-02,Maximum Sharpe,0.2431843583676236,0.0001215921791838118
2022-05-02,Minimum Volatility,0.018734403575179418,9.36720178758971e-06
2022-05-02,Risk Parity,0.004839687567828044,2.419843783914022e-06
2022-06-01,Equal Weight,0.0,0.0
2022-06-01,Maximum Diversification,0.03631989181121065,1.8159945905605325e-05
2022-06-01,Maximum Sharpe,0.19198079400302376,9.599039700151189e-05
2022-06-01,Minimum Volatility,0.036241088859559824,1.8120544429779914e-05
2022-06-01,Risk Parity,0.009409144097933211,4.704572048966606e-06
2022-07-01,Equal Weight,0.0,0.0
2022-07-01,Maximum Diversification,0.0332022742058246,1.6601137102912298e-05
2022-07-01,Maximum Sharpe,0.038452165702008934,1.9226082851004467e-05
2022-07-01,Minimum Volatility,0.02123771633850052,1.061885816925026e-05
2022-07-01,Risk Parity,0.005306573808356849,2.6532869041784245e-06
2022-08-01,Equal Weight,0.0,0.0
2022-08-01,Maximum Diversification,0.032310356939028846,1.6155178469514422e-05
2022-08-01,Maximum Sharpe,0.14248794720363545,7.124397360181772e-05
2022-08-01,Minimum Volatility,0.03736661868626302,1.868330934313151e-05
2022-08-01,Risk Parity,0.009672064934308125,4.836032467154063e-06
2022-09-01,Equal Weight,0.0,0.0
2022-09-01,Maximum Diversification,0.027496960409076975,1.3748480204538488e-05
2022-09-01,Maximum Sharpe,0.1748766972648722,8.743834863243611e-05
2022-09-01,Minimum Volatility,0.025881251772767178,1.2940625886383589e-05
2022-09-01,Risk Parity,0.006913483182751701,3.4567415913758506e-06
2022-10-03,Equal Weight,0.0,0.0
2022-10-03,Maximum Diversification,0.015791005155699117,7.89550257784956e-06
2022-10-03,Maximum Sharpe,0.23243512819976658,0.00011621756409988329
2022-10-03,Minimum Volatility,0.021898616503979392,1.0949308251989697e-05
2022-10-03,Risk Parity,0.007318684991055063,3.6593424955275316e-06
2022-11-01,Equal Weight,0.0,0.0
2022-11-01,Maximum Diversification,0.01912065954214747,9.560329771073736e-06
2022-11-01,Maximum Sharpe,0.273498683079202,0.000136749341539601
2022-11-01,Minimum Volatility,0.028922352063035804,1.4461176031517902e-05
2022-11-01,Risk Parity,0.004712945200568877,2.3564726002844387e-06
2022-12-01,Equal Weight,0.0,0.0
2022-12-01,Maximum Diversification,0.011623644855675807,5.811822427837904e-06
2022-12-01,Maximum Sharpe,0.12326576429333386,6.163288214666693e-05
2022-12-01,Minimum Volatility,0.01438358896414095,7.191794482070475e-06
2022-12-01,Risk Parity,0.006259753541223406,3.129876770611703e-06
2023-01-02,Equal Weight,0.0,0.0
2023-01-02,Maximum Diversification,0.041398367971877514,2.0699183985938758e-05
2023-01-02,Maximum Sharpe,0.19014350140892108,9.507175070446055e-05
2023-01-02,Minimum Volatility,0.019324945230819728,9.662472615409865e-06
2023-01-02,Risk Parity,0.00688896346421225,3.444481732106125e-06
2023-02-01,Equal Weight,0.0,0.0
2023-02-01,Maximum Diversification,0.030866233459170923,1.5433116729585463e-05
2023-02-01,Maximum Sharpe,0.3774706395346157,0.00018873531976730784
2023-02-01,Minimum Volatility,0.013959444352210481,6.979722176105241e-06
2023-02-01,Risk Parity,0.0064910515350812825,3.2455257675406413e-06
2023-03-01,Equal Weight,0.0,0.0
2023-03-01,Maximum Diversification,0.031275321453689206,1.5637660726844605e-05
2023-03-01,Maximum Sharpe,0.16201473496010083,8.100736748005041e-05
2023-03-01,Minimum Volatility,0.02827908308858075,1.4139541544290376e-05
2023-03-01,Risk Parity,0.004589509050630672,2.294754525315336e-06
2023-04-03,Equal Weight,0.0,0.0
2023-04-03,Maximum Diversification,0.03425836294487715,1.7129181472438576e-05
2023-04-03,Maximum Sharpe,0.06268948276127273,3.134474138063636e-05
2023-04-03,Minimum Volatility,0.02351989197179022,1.1759945985895109e-05
2023-04-03,Risk Parity,0.006068517418611988,3.034258709305994e-06
2023-05-01,Equal Weight,0.0,0.0
2023-05-01,Maximum Diversification,0.03230514163530329,1.6152570817651647e-05
2023-05-01,Maximum Sharpe,0.024263957872370963,1.2131978936185482e-05
2023-05-01,Minimum Volatility,0.01878628922807463,9.393144614037315e-06
2023-05-01,Risk Parity,0.0038891439968813946,1.9445719984406975e-06
2023-06-01,Equal Weight,0.0,0.0
2023-06-01,Maximum Diversification,0.02942121514881639,1.4710607574408195e-05
2023-06-01,Maximum Sharpe,0.23135854313158097,0.00011567927156579049
2023-06-01,Minimum Volatility,0.023475558922123885,1.1737779461061943e-05
2023-06-01,Risk Parity,0.0038571689369207435,1.9285844684603718e-06
2023-07-03,Equal Weight,0.0,0.0
2023-07-03,Maximum Diversification,0.03775495960034281,1.8877479800171404e-05
2023-07-03,Maximum Sharpe,0.2886461511072605,0.00014432307555363024
2023-07-03,Minimum Volatility,0.01255267722141164,6.27633861070582e-06
2023-07-03,Risk Parity,0.003796674216729662,1.8983371083648309e-06
2023-08-01,Equal Weight,0.0,0.0
2023-08-01,Maximum Diversification,0.038078680170155546,1.9039340085077773e-05
2023-08-01,Maximum Sharpe,0.4097277542247115,0.00020486387711235576
2023-08-01,Minimum Volatility,0.029631829569057654,1.4815914784528827e-05
2023-08-01,Risk Parity,0.004115655338087484,2.0578276690437424e-06
2023-09-01,Equal Weight,0.0,0.0
2023-09-01,Maximum Diversification,0.03473821297492093,1.7369106487460467e-05
2023-09-01,Maximum Sharpe,0.16200316288539446,8.100158144269723e-05
2023-09-01,Minimum Volatility,0.028498879275935154,1.4249439637967577e-05
2023-09-01,Risk Parity,0.01312804731849461,6.5640236592473045e-06
2023-10-02,Equal Weight,0.0,0.0
2023-10-02,Maximum Diversification,0.03489433599522271,1.7447167997611354e-05
2023-10-02,Maximum Sharpe,0.38669586349915364,0.00019334793174957682
2023-10-02,Minimum Volatility,0.017385322234985796,8.692661117492898e-06
2023-10-02,Risk Parity,0.0034198983995789994,1.7099491997894997e-06
2023-11-01,Equal Weight,0.0,0.0
2023-11-01,Maximum Diversification,0.03262781492210691,1.6313907461053456e-05
2023-11-01,Maximum Sharpe,0.2959782720030937,0.00014798913600154684
2023-11-01,Minimum Volatility,0.016466017078811294,8.233008539405647e-06
2023-11-01,Risk Parity,0.004265688815609528,2.132844407804764e-06
2023-12-01,Equal Weight,0.0,0.0
2023-12-01,Maximum Diversification,0.010241751566521766,5.120875783260883e-06
2023-12-01,Maximum Sharpe,0.273313228724267,0.00013665661436213351
2023-12-01,Minimum Volatility,0.015794964459013405,7.897482229506704e-06
2023-12-01,Risk Parity,0.010821327601408415,5.410663800704208e-06
2024-01-01,Equal Weight,0.0,0.0
2024-01-01,Maximum Diversification,0.03074953435110795,1.5374767175553975e-05
2024-01-01,Maximum Sharpe,0.1307195666953656,6.53597833476828e-05
2024-01-01,Minimum Volatility,0.022309181097181864,1.1154590548590932e-05
2024-01-01,Risk Parity,0.003428260400859612,1.714130200429806e-06
2024-02-01,Equal Weight,0.0,0.0
2024-02-01,Maximum Diversification,0.02911775811897959,1.4558879059489795e-05
2024-02-01,Maximum Sharpe,0.15799362571250763,7.899681285625382e-05
2024-02-01,Minimum Volatility,0.02473412951792696,1.236706475896348e-05
2024-02-01,Risk Parity,0.012855457057731154,6.4277285288655775e-06
2024-03-01,Equal Weight,0.0,0.0
2024-03-01,Maximum Diversification,0.022685582737313303,1.1342791368656651e-05
2024-03-01,Maximum Sharpe,1.2526646386845641e-12,6.26332319342282e-16
2024-03-01,Minimum Volatility,0.01801635441942224,9.008177209711119e-06
2024-03-01,Risk Parity,0.0059860665613221675,2.993033280661084e-06
2024-04-01,Equal Weight,0.0,0.0
2024-04-01,Maximum Diversification,0.021599435381091728,1.0799717690545864e-05
2024-04-01,Maximum Sharpe,0.1269783724960381,6.348918624801906e-05
2024-04-01,Minimum Volatility,0.018821436997897244,9.410718498948622e-06
2024-04-01,Risk Parity,0.006205166167903398,3.102583083951699e-06
2024-05-01,Equal Weight,0.0,0.0
2024-05-01,Maximum Diversification,0.027676391749944337,1.3838195874972168e-05
2024-05-01,Maximum Sharpe,0.02697837249808682,1.348918624904341e-05
2024-05-01,Minimum Volatility,0.024707960618325427,1.2353980309162714e-05
2024-05-01,Risk Parity,0.0029645991082684897,1.4822995541342448e-06
2024-06-03,Equal Weight,0.0,0.0
2024-06-03,Maximum Diversification,0.026881825266710624,1.3440912633355312e-05
2024-06-03,Maximum Sharpe,1.2768119894701613e-12,6.384059947350807e-16
2024-06-03,Minimum Volatility,0.020722635789217174,1.0361317894608587e-05
2024-06-03,Risk Parity,0.011741982610350102,5.870991305175051e-06
2024-07-01,Equal Weight,0.0,0.0
2024-07-01,Maximum Diversification,0.024107139579344926,1.2053569789672463e-05
2024-07-01,Maximum Sharpe,5.380140777333509e-13,2.6900703886667543e-16
2024-07-01,Minimum Volatility,0.011317017828273459,5.65850891413673e-06
2024-07-01,Risk Parity,0.0021536356979027504,1.0768178489513753e-06
2024-08-01,Equal Weight,0.0,0.0
2024-08-01,Maximum Diversification,0.02414776981816648,1.207388490908324e-05
2024-08-01,Maximum Sharpe,5.065392549852277e-13,2.5326962749261384e-16
2024-08-01,Minimum Volatility,0.027226898247647343,1.3613449123823672e-05
2024-08-01,Risk Parity,0.004541132141967247,2.2705660709836236e-06
2024-09-02,Equal Weight,0.0,0.0
2024-09-02,Maximum Diversification,0.029151732970679155,1.4575866485339578e-05
2024-09-02,Maximum Sharpe,4.587441537751147e-13,2.293720768875573e-16
2024-09-02,Minimum Volatility,0.030612206927444,1.5306103463722e-05
2024-09-02,Risk Parity,0.00794461765867345,3.972308829336725e-06
2024-10-01,Equal Weight,0.0,0.0
2024-10-01,Maximum Diversification,0.010323280657358495,5.161640328679247e-06
2024-10-01,Maximum Sharpe,3.3778535524220388e-12,1.6889267762110194e-15
2024-10-01,Minimum Volatility,0.01321144174059197,6.605720870295985e-06
2024-10-01,Risk Parity,0.006677629770235713,3.3388148851178564e-06
2024-11-01,Equal Weight,0.0,0.0
2024-11-01,Maximum Diversification,0.017131274281929502,8.565637140964752e-06
2024-11-01,Maximum Sharpe,2.0651147458750074e-11,1.0325573729375038e-14
2024-11-01,Minimum Volatility,0.01782721826775579,8.913609133877894e-06
2024-11-01,Risk Parity,0.009129714156739271,4.5648570783696355e-06
2024-12-02,Equal Weight,0.0,0.0
2024-12-02,Maximum Diversification,0.019238244225890194,9.619122112945097e-06
2024-12-02,Maximum Sharpe,1.54349866221537e-11,7.717493311076851e-15
2024-12-02,Minimum Volatility,0.01964911970333627,9.824559851668135e-06
2024-12-02,Risk Parity,0.005262281152174655,2.6311405760873277e-06
2025-01-01,Equal Weight,0.0,0.0
2025-01-01,Maximum Diversification,0.02878066262575327,1.4390331312876635e-05
2025-01-01,Maximum Sharpe,1.7266743590482747e-12,8.633371795241374e-16
2025-01-01,Minimum Volatility,0.03108916206320747,1.5544581031603736e-05
2025-01-01,Risk Parity,0.006929884438898776,3.464942219449388e-06
2025-02-03,Equal Weight,0.0,0.0
2025-02-03,Maximum Diversification,0.01624228171636064,8.121140858180321e-06
2025-02-03,Maximum Sharpe,3.871791776077771e-12,1.9358958880388856e-15
2025-02-03,Minimum Volatility,0.020177408459686675,1.0088704229843337e-05
2025-02-03,Risk Parity,0.004193307623930373,2.0966538119651865e-06
2025-03-03,Equal Weight,0.0,0.0
2025-03-03,Maximum Diversification,0.019711527598411063,9.855763799205532e-06
2025-03-03,Maximum Sharpe,2.0821122603820186e-12,1.0410561301910094e-15
2025-03-03,Minimum Volatility,0.020098090566327158,1.004904528316358e-05
2025-03-03,Risk Parity,0.01297653400190317,6.4882670009515855e-06
2025-04-01,Equal Weight,0.0,0.0
2025-04-01,Maximum Diversification,0.014406382220287648,7.2031911101438246e-06
2025-04-01,Maximum Sharpe,5.716371820341237e-12,2.8581859101706187e-15
2025-04-01,Minimum Volatility,0.011832211397699521,5.9161056988497605e-06
2025-04-01,Risk Parity,0.00322486106558742,1.61243053279371e-06
2025-05-01,Equal Weight,0.0,0.0
2025-05-01,Maximum Diversification,0.008413762264368563,4.206881132184281e-06
2025-05-01,Maximum Sharpe,0.023107739433538638,1.1553869716769319e-05
2025-05-01,Minimum Volatility,0.008298701951319654,4.149350975659827e-06
2025-05-01,Risk Parity,0.008745074656210008,4.372537328105004e-06
2025-06-02,Equal Weight,0.0,0.0
2025-06-02,Maximum Diversification,0.011630905927390134,5.815452963695067e-06
2025-06-02,Maximum Sharpe,0.02072888419804322,1.0364442099021611e-05
2025-06-02,Minimum Volatility,0.015618916065582883,7.809458032791441e-06
2025-06-02,Risk Parity,0.004082139744664287,2.0410698723321434e-06
2025-07-01,Equal Weight,0.0,0.0
2025-07-01,Maximum Diversification,0.016345537467421307,8.172768733710654e-06
2025-07-01,Maximum Sharpe,0.006221930865302601,3.1109654326513005e-06
2025-07-01,Minimum Volatility,0.01274709616460867,6.373548082304335e-06
2025-07-01,Risk Parity,0.0025698437203241498,1.284921860162075e-06
2025-08-01,Equal Weight,0.0,0.0
2025-08-01,Maximum Diversification,0.029552998868465515,1.4776499434232757e-05
2025-08-01,Maximum Sharpe,0.03629877232558702,1.8149386162793513e-05
2025-08-01,Minimum Volatility,0.015380512226389267,7.690256113194633e-06
2025-08-01,Risk Parity,0.008282286747762144,4.1411433738810715e-06
2025-09-01,Equal Weight,0.0,0.0
2025-09-01,Maximum Diversification,0.023747087548699565,1.1873543774349782e-05
2025-09-01,Maximum Sharpe,0.009355580086619457,4.6777900433097285e-06
2025-09-01,Minimum Volatility,0.009095913931113243,4.547956965556622e-06
2025-09-01,Risk Parity,0.003021782431137321,1.5108912155686605e-06
2025-10-01,Equal Weight,0.0,0.0
2025-10-01,Maximum Diversification,0.021044992539910073,1.0522496269955037e-05
2025-10-01,Maximum Sharpe,0.02178099297548277,1.0890496487741386e-05
2025-10-01,Minimum Volatility,0.01830773119467487,9.153865597337436e-06
2025-10-01,Risk Parity,0.006088908653787195,3.0444543268935977e-06
2025-11-03,Equal Weight,0.0,0.0
2025-11-03,Maximum Diversification,0.019856646855050744,9.928323427525373e-06
2025-11-03,Maximum Sharpe,0.018140235004973145,9.070117502486573e-06
2025-11-03,Minimum Volatility,0.015330650399413604,7.665325199706802e-06
2025-11-03,Risk Parity,0.008352869294116966,4.176434647058483e-06
2025-12-01,Equal Weight,0.0,0.0
2025-12-01,Maximum Diversification,0.014738566846391632,7.369283423195816e-06
2025-12-01,Maximum Sharpe,0.014333910533439258,7.166955266719629e-06
2025-12-01,Minimum Volatility,0.012077068800255573,6.038534400127787e-06
2025-12-01,Risk Parity,0.00607316124324514,3.03658062162257e-06
2026-01-01,Equal Weight,0.0,0.0
2026-01-01,Maximum Diversification,0.013609357135124442,6.804678567562221e-06
2026-01-01,Maximum Sharpe,3.5732528047560663e-13,1.7866264023780332e-16
2026-01-01,Minimum Volatility,0.014833863865789741,7.416931932894871e-06
2026-01-01,Risk Parity,0.006762209262579241,3.3811046312896206e-06
2026-02-02,Equal Weight,0.0,0.0
2026-02-02,Maximum Diversification,0.02889540964146725,1.4447704820733626e-05
2026-02-02,Maximum Sharpe,2.0863921701419486e-11,1.0431960850709743e-14
2026-02-02,Minimum Volatility,0.026503145297823882,1.3251572648911941e-05
2026-02-02,Risk Parity,0.002840088031583074,1.420044015791537e-06
2026-03-02,Equal Weight,0.0,0.0
2026-03-02,Maximum Diversification,0.02759562687203643,1.3797813436018215e-05
2026-03-02,Maximum Sharpe,0.005397244114828017,2.6986220574140083e-06
2026-03-02,Minimum Volatility,0.015362123516988808,7.681061758494404e-06
2026-03-02,Risk Parity,0.004624953280186403,2.3124766400932014e-06
2026-04-01,Equal Weight,0.0,0.0
2026-04-01,Maximum Diversification,0.018768157985019445,9.384078992509723e-06
2026-04-01,Maximum Sharpe,0.028892884783891633,1.4446442391945817e-05
2026-04-01,Minimum Volatility,0.014332613549754037,7.1663067748770185e-06
2026-04-01,Risk Parity,0.0038152555137089678,1.907627756854484e-06
2026-05-01,Equal Weight,0.0,0.0
2026-05-01,Maximum Diversification,0.027803058032434907,1.3901529016217454e-05
2026-05-01,Maximum Sharpe,0.005099007674729903,2.5495038373649515e-06
2026-05-01,Minimum Volatility,0.02154411397488533,1.0772056987442664e-05
2026-05-01,Risk Parity,0.004071753198123043,2.0358765990615215e-06
2026-06-01,Equal Weight,0.0,0.0
2026-06-01,Maximum Diversification,0.006850672442030269,3.4253362210151344e-06
2026-06-01,Maximum Sharpe,0.021572809388919253,1.0786404694459626e-05
2026-06-01,Minimum Volatility,0.015399729748271196,7.699864874135598e-06
2026-06-01,Risk Parity,0.007063836318595751,3.5319181592978756e-06
2026-07-01,Equal Weight,0.0,0.0
2026-07-01,Maximum Diversification,0.011767821868981803,5.883910934490901e-06
2026-07-01,Maximum Sharpe,0.002710025583444721,1.3550127917223606e-06
2026-07-01,Minimum Volatility,0.018558802064994443,9.279401032497221e-06
2026-07-01,Risk Parity,0.012687394410171735,6.343697205085868e-06
